question_no,text
1,Pourquoi la coloration de Gram est-elle utilisée en microbiologie?
2,Quelle est la première étape de la coloration de Gram?
3,Comment les bactéries Gram positives réagissent-elles à la coloration de Gram?
4,Quelle est la couleur finale des bactéries Gram négatives après la coloration de Gram?
5,Quel est l'objectif de la contre-coloration dans la technique de coloration de Gram?
6,Quels sont les composants principaux de la coloration de Gram?
7,Pourquoi utilise-t-on l'iode dans la coloration de Gram?
8,Quelle est la fonction de l'alcool/éthanol dans la coloration de Gram?
9,Qu'est-ce qui distingue les parois cellulaires des bactéries Gram positives de celles des Gram négatives?
10,Comment la coloration de Gram influence-t-elle la classification des bactéries en laboratoire?
